﻿Name,Index,Description,Scope,Requirements,Status,Laundromat RE Agent Library,Laundromat AI Output Level 1,Laundromat RE Opdrachten,Second Level Breakdown
Marktanalyse voor potentiële partners,1.1.1,Uitvoeren van diepgaand marktonderzoek om potentiële partners te identificeren die waarde kunnen toevoegen aan de bedrijfsvoering van het marketingbedrijf. Dit omvat het vaststellen van criteria voor selectie gebaseerd op de doelstellingen van het bedrijf en het analyseren van de marktpositie en reputatie van mogelijke partners.,"Inclusief het verzamelen van gegevens over potentiële partners, zoals hun marktpositie, diensten, en klantbeoordelingen. Exclusief directe concurrenten en niet-marktgerelateerde entiteiten.","Analytisch vermogen, Kennis van de marketingindustrie, Marktonderzoek vaardigheden",New,Breaking down the Second Level (https://www.notion.so/Breaking-down-the-Second-Level-b8692b0374cc4675be30acaf05b39983?pvs=21),Identificatie van sleutelpartners (https://www.notion.so/Identificatie-van-sleutelpartners-b37292a21478459fa070caaebdad9cd0?pvs=21),,"Identificeer en analyseer belangrijke externe partnerschappen en leveranciers die essentieel zijn voor de bedrijfsvoering. (https://www.notion.so/Identificeer-en-analyseer-belangrijke-externe-partnerschappen-en-leveranciers-die-essentieel-zijn-vo-0c546e611c9b4ead9e76a86de02eab14?pvs=21), Identificeer en analyseer belangrijke externe partnerschappen en leveranciers die essentieel zijn voor de bedrijfsvoering. (https://www.notion.so/Identificeer-en-analyseer-belangrijke-externe-partnerschappen-en-leveranciers-die-essentieel-zijn-vo-23c9db4b1d3e47cf9517c3d0f9568d22?pvs=21), Identificeer en analyseer belangrijke externe partnerschappen en leveranciers die essentieel zijn voor de bedrijfsvoering. (https://www.notion.so/Identificeer-en-analyseer-belangrijke-externe-partnerschappen-en-leveranciers-die-essentieel-zijn-vo-25419ad107694d81bcf517423e691dd6?pvs=21)"
Evaluatie van bestaande partnerships,1.1.2,"Beoordelen van de huidige partnerschappen om sterke en zwakke punten te identificeren, gericht op hoe deze de bedrijfsvoering en groeidoelstellingen van het marketingbedrijf beïnvloeden. Het evalueren van synergieën, en de waarde die elke partner brengt.","Inclusief het analyseren van contractuele voorwaarden, prestatie-indicatoren, en feedback van teams. Exclusief niet-officiële samenwerkingsverbanden en informele relaties.","Analytisch vermogen, Communicatievaardigheden, Contractbeheer kennis",New,Breaking down the Second Level (https://www.notion.so/Breaking-down-the-Second-Level-b8692b0374cc4675be30acaf05b39983?pvs=21),Identificatie van sleutelpartners (https://www.notion.so/Identificatie-van-sleutelpartners-b37292a21478459fa070caaebdad9cd0?pvs=21),,
Ontwikkeling van nieuwe partnerschappen,1.1.3,Het benaderen van geïdentificeerde potentiële partners met als doel nieuwe partnerschappen op te bouwen die ondersteuning kunnen bieden aan de kernactiviteiten van het marketingbedrijf. Het strategisch onderhandelen over voorwaarden die zowel voor het marketingbedrijf als voor de partner voordelig zijn.,"Inclusief het initiëren van contacten, voorbereiden van voorstellen, en onderhandelingen. Exclusief partners met een hoog risico en partners buiten de vooraf vastgestelde criteria.","Communicatievaardigheden, Netwerkvaardigheden, onderhandelingsvaardigheden",New,Breaking down the Second Level (https://www.notion.so/Breaking-down-the-Second-Level-b8692b0374cc4675be30acaf05b39983?pvs=21),Identificatie van sleutelpartners (https://www.notion.so/Identificatie-van-sleutelpartners-b37292a21478459fa070caaebdad9cd0?pvs=21),,
Analyseren van marktbehoeften,1.2.1,Identificeren en evalueren van de huidige en toekomstige behoeften van de markt om de noodzakelijke kernactiviteiten die nodig zijn voor het bedienen van klanten nauwkeuriger vast te stellen.,Inclusief het uitvoeren van marktonderzoek en trendanalyse. Exclusief diepgaande productontwikkelingsanalyse.,"Analytisch vermogen, Kennis van klantsegmenten, Marktonderzoek vaardigheden",New,Breaking down the Second Level (https://www.notion.so/Breaking-down-the-Second-Level-b8692b0374cc4675be30acaf05b39983?pvs=21),Definiëren kernactiviteiten (https://www.notion.so/Defini-ren-kernactiviteiten-936519fd0b2944239d508165392e9100?pvs=21),,"Bepaal de primaire operationele procedures, van marketing tot klantenservice, die nodig zijn voor het leveren van de waardepropositie. (https://www.notion.so/Bepaal-de-primaire-operationele-procedures-van-marketing-tot-klantenservice-die-nodig-zijn-voor-he-85f63f441d2b4ed1951841d555b2ae5f?pvs=21), Bepaal de primaire operationele procedures, van marketing tot klantenservice, die nodig zijn voor het leveren van de waardepropositie. (https://www.notion.so/Bepaal-de-primaire-operationele-procedures-van-marketing-tot-klantenservice-die-nodig-zijn-voor-he-211d0d3ea4c3467db6230a3a1016bf56?pvs=21), Bepaal de primaire operationele procedures, van marketing tot klantenservice, die nodig zijn voor het leveren van de waardepropositie. (https://www.notion.so/Bepaal-de-primaire-operationele-procedures-van-marketing-tot-klantenservice-die-nodig-zijn-voor-he-1fe5a095c830471eb0613bd61bcbab3e?pvs=21)"
Ontwikkelen van een marketingstrategie,1.2.2,Opstellen van een gedetailleerd marketingplan dat aansluit bij de geïdentificeerde marktbehoeften en de waardepropositie duidelijk communiceert naar de relevante klantsegmenten.,"Inclusief het selecteren van geschikte marketingkanalen en het ontwikkelen van communicatiestrategieën. Exclusief niet-relevante, niet-strategische marketingkanalen.","Communicatievaardigheden, Creativiteit, Strategisch denken",New,Breaking down the Second Level (https://www.notion.so/Breaking-down-the-Second-Level-b8692b0374cc4675be30acaf05b39983?pvs=21),Definiëren kernactiviteiten (https://www.notion.so/Defini-ren-kernactiviteiten-936519fd0b2944239d508165392e9100?pvs=21),,
Verbeteren van operationele systemen,1.2.3,"Optimaliseren en verfijnen van interne processen en technologieën die gebruikt worden voor het uitvoeren van kernactiviteiten, met als doel de efficiëntie en klanttevredenheid te verbeteren.",Inclusief het meer gestroomlijnd maken van klantenserviceprocessen en het verbeteren van technologische hulpmiddelen. Exclusief het herontwerpen van hele bedrijfssystemen.,"Klantgerichtheid, Procesmanagement, Technologische bekwaamheid",New,Breaking down the Second Level (https://www.notion.so/Breaking-down-the-Second-Level-b8692b0374cc4675be30acaf05b39983?pvs=21),Definiëren kernactiviteiten (https://www.notion.so/Defini-ren-kernactiviteiten-936519fd0b2944239d508165392e9100?pvs=21),,
Analyseren van fysieke middelen,1.3.1,"Systematisch onderzoeken en vaststellen van de fysieke middelen, zoals kantoorruimte, uitrusting en technologie, die onmisbaar zijn voor de uitvoering van kernactiviteiten.",Inclusief kantoorruimten en technologische hulpmiddelen. Exclusief secundaire items zoals kantinevoorzieningen.,"Begrip van de bedrijfsvoering, Inventaris van beschikbare middelen, Kennis van de kernactiviteiten",New,Breaking down the Second Level (https://www.notion.so/Breaking-down-the-Second-Level-b8692b0374cc4675be30acaf05b39983?pvs=21),Bepalen van sleutelresources (https://www.notion.so/Bepalen-van-sleutelresources-f0b3349d6fbc4a07888c61e3f04928af?pvs=21),,"Identificeer de essentiële assets die nodig zijn om de kernactiviteiten uit te voeren en waarde aan klanten te leveren. (https://www.notion.so/Identificeer-de-essenti-le-assets-die-nodig-zijn-om-de-kernactiviteiten-uit-te-voeren-en-waarde-aan--69205b0c1490423089e6cb316dc56f0c?pvs=21), Identificeer de essentiële assets die nodig zijn om de kernactiviteiten uit te voeren en waarde aan klanten te leveren. (https://www.notion.so/Identificeer-de-essenti-le-assets-die-nodig-zijn-om-de-kernactiviteiten-uit-te-voeren-en-waarde-aan--998df3605d4a46888f7f5079247f4507?pvs=21), Identificeer de essentiële assets die nodig zijn om de kernactiviteiten uit te voeren en waarde aan klanten te leveren. (https://www.notion.so/Identificeer-de-essenti-le-assets-die-nodig-zijn-om-de-kernactiviteiten-uit-te-voeren-en-waarde-aan--3cbb51b8f7dc477ebc83b78c8e7b6727?pvs=21)"
Evalueren van intellectueel eigendom,1.3.2,"Beoordelen van de bestaande intellectuele eigendommen, zoals merken, patenten, en auteursrechten, en vaststellen hoe deze bijdragen aan de waardepropositie.",Inclusief merken en patenten. Exclusief niet-geregistreerd intellectueel eigendom.,"Begrip van waardepropositie, Kennis van IP-wetgeving, Lijst van huidige IP-middelen",New,Breaking down the Second Level (https://www.notion.so/Breaking-down-the-Second-Level-b8692b0374cc4675be30acaf05b39983?pvs=21),Bepalen van sleutelresources (https://www.notion.so/Bepalen-van-sleutelresources-f0b3349d6fbc4a07888c61e3f04928af?pvs=21),,
Vaststellen van menselijk kapitaal,1.3.3,"Identificeren van de benodigde vaardigheden, ervaring en competenties binnen het team die essentieel zijn voor het uitvoeren van de kernactiviteiten en het leveren van waarde aan klanten.",Inclusief kerncompetenties en essentiële vaardigheden. Exclusief niet-kritieke ondersteunende functies.,"Begrip van kernactiviteiten, Competentieanalyse, HR-beleid verstaan",New,Breaking down the Second Level (https://www.notion.so/Breaking-down-the-Second-Level-b8692b0374cc4675be30acaf05b39983?pvs=21),Bepalen van sleutelresources (https://www.notion.so/Bepalen-van-sleutelresources-f0b3349d6fbc4a07888c61e3f04928af?pvs=21),,
Identificeren van klantbehoeften,1.4.1,Analyseer en identificeer de primaire behoeften en problemen van de doelklanten die jouw marketingbedrijf zal adresseren.,Inclusief marktonderzoeken en klantinterviews. Exclusief niet-doelgroep gerelateerde behoeften.,"Detailanalyse, Empathie, Interviewvaardigheden",New,Breaking down the Second Level (https://www.notion.so/Breaking-down-the-Second-Level-b8692b0374cc4675be30acaf05b39983?pvs=21),Ontwikkelen van waardeproposities (https://www.notion.so/Ontwikkelen-van-waardeproposities-8aa11ba0250b4daabed5d751852dbd4e?pvs=21),,"Definieer kernproducten of -diensten en unique selling propositions (USPs) die je marketingbedrijf zullen differentiëren. (https://www.notion.so/Definieer-kernproducten-of-diensten-en-unique-selling-propositions-USPs-die-je-marketingbedrijf-z-a3ab5bd30dac4e36b20b7260f25e601f?pvs=21), Definieer kernproducten of -diensten en unique selling propositions (USPs) die je marketingbedrijf zullen differentiëren. (https://www.notion.so/Definieer-kernproducten-of-diensten-en-unique-selling-propositions-USPs-die-je-marketingbedrijf-z-e5042296cc744192bf35cdb9ccc76c0e?pvs=21), Definieer kernproducten of -diensten en unique selling propositions (USPs) die je marketingbedrijf zullen differentiëren. (https://www.notion.so/Definieer-kernproducten-of-diensten-en-unique-selling-propositions-USPs-die-je-marketingbedrijf-z-d2bbf9c3da1d4f839b6d320cffaaa02e?pvs=21)"
Concurrentieanalyse uitvoeren,1.4.2,Evalueer de concurrentielandschap om kansen voor differentiatie en positioning in kaart te brengen.,Inclusief SWOT-analyse van concurrenten. Exclusief niet-relevante industrieanalyse.,"Analytisch inzicht, Data-analyse, Marktinzicht",New,Breaking down the Second Level (https://www.notion.so/Breaking-down-the-Second-Level-b8692b0374cc4675be30acaf05b39983?pvs=21),Ontwikkelen van waardeproposities (https://www.notion.so/Ontwikkelen-van-waardeproposities-8aa11ba0250b4daabed5d751852dbd4e?pvs=21),,
Ontwikkelen van unieke waardeproposities (UVPs),1.4.3,Creëer specifieke proposities die primair de unieke redenen benadrukken waarom klanten voor jouw diensten moeten kiezen.,Inclusief USPs en waardecreatie. Exclusief generieke dienstaanbiedingen.,"Copywriting, Innovatief denken, Klantgerichtheid",New,Breaking down the Second Level (https://www.notion.so/Breaking-down-the-Second-Level-b8692b0374cc4675be30acaf05b39983?pvs=21),Ontwikkelen van waardeproposities (https://www.notion.so/Ontwikkelen-van-waardeproposities-8aa11ba0250b4daabed5d751852dbd4e?pvs=21),,