﻿Name,Index,Description,Scope,Requirements,Status,Laundromat RE Agent Library,Laundromat AI Output Level 1,Laundromat RE Opdrachten,Second Level Breakdown
Conducting Market Research,1.1.1,"Perform comprehensive market research to understand the preferences and behaviors of the potential target audience for the new smartphone game. This includes analyzing trends, determining popular game genres, and identifying the demographic profile of existing game players.","Inclusive: Trends analysis, demographic profiling, gaming preferences. Exclusive: Personal data collection.","Access to market data, Analytical tools knowledge, Understanding of gaming trends",New,Breaking down the Second Level (https://www.notion.so/Breaking-down-the-Second-Level-b8692b0374cc4675be30acaf05b39983?pvs=21),Identify Target Audience (https://www.notion.so/Identify-Target-Audience-add7d5f15f1843ceadae380dad1f5c2f?pvs=21),,"Bepaal wie de doelgroep is voor het nieuwe smartphone spel, inclusief demografische gegevens zoals leeftijd, geslacht, interesses, en gamevoorkeuren. (https://www.notion.so/Bepaal-wie-de-doelgroep-is-voor-het-nieuwe-smartphone-spel-inclusief-demografische-gegevens-zoals-l-8a967dc050574c2ca3159f6939dc9443?pvs=21), Bepaal wie de doelgroep is voor het nieuwe smartphone spel, inclusief demografische gegevens zoals leeftijd, geslacht, interesses, en gamevoorkeuren. (https://www.notion.so/Bepaal-wie-de-doelgroep-is-voor-het-nieuwe-smartphone-spel-inclusief-demografische-gegevens-zoals-l-8f6b570666df4b3c86e169a537af2d84?pvs=21), Bepaal wie de doelgroep is voor het nieuwe smartphone spel, inclusief demografische gegevens zoals leeftijd, geslacht, interesses, en gamevoorkeuren. (https://www.notion.so/Bepaal-wie-de-doelgroep-is-voor-het-nieuwe-smartphone-spel-inclusief-demografische-gegevens-zoals-l-6ba2ccd599aa4f638cc413eb514a1b97?pvs=21)"
Competitive Analysis,1.1.2,"Evaluate the positioning, strengths, and weaknesses of current games in the market to identify gaps and opportunities for the new game. Focus on games with similar themes or target demographics to draw parallels.","Inclusive: Identifying direct competitors, SWOT analysis. Exclusive: Non-gaming applications analysis.","Games' market knowledge, Market research data, SWOT analysis skills",New,Breaking down the Second Level (https://www.notion.so/Breaking-down-the-Second-Level-b8692b0374cc4675be30acaf05b39983?pvs=21),Identify Target Audience (https://www.notion.so/Identify-Target-Audience-add7d5f15f1843ceadae380dad1f5c2f?pvs=21),,
App Store Analytics Review,1.1.3,"Analyze metrics and reviews from app stores to gauge user interests, satisfaction levels, and desired features in existing games. Focus on top-performing and similar niche games to understand what engages the target audience.","Inclusive: Review analysis, Popularity metrics, User feedback. Exclusive: External platforms reviews.","Access to app store analytics, Data analysis skills, Understanding of user feedback",New,Breaking down the Second Level (https://www.notion.so/Breaking-down-the-Second-Level-b8692b0374cc4675be30acaf05b39983?pvs=21),Identify Target Audience (https://www.notion.so/Identify-Target-Audience-add7d5f15f1843ceadae380dad1f5c2f?pvs=21),,
Develop Survey,1.2.1,"Create a detailed survey focused on understanding the preferences, gaming habits, and demographic data of the target audience for the new smartphone game. Ensure the questions are engaging and open-ended to elicit detailed responses.","In: Question design, demographic collection. Out: Questions related to other markets or unrelated to gaming behavior.","Market research knowledge, Questionnaire design expertise, Understanding of gaming industry",New,Breaking down the Second Level (https://www.notion.so/Breaking-down-the-Second-Level-b8692b0374cc4675be30acaf05b39983?pvs=21),Conduct Research (https://www.notion.so/Conduct-Research-51b4f21823aa4589981996e5d56d7cb1?pvs=21),,
Select Interview Candidates,1.2.2,Identify a diverse group of potential users from the game's target demographic. Use criteria that ensure a wide range of gaming habits and preferences is represented.,"In: Demographic targeting, gaming interest. Out: Candidates outside the game's target demographic.","Communication skills, Demographic analysis skills, Scheduling and coordination",New,Breaking down the Second Level (https://www.notion.so/Breaking-down-the-Second-Level-b8692b0374cc4675be30acaf05b39983?pvs=21),Conduct Research (https://www.notion.so/Conduct-Research-51b4f21823aa4589981996e5d56d7cb1?pvs=21),,
Analyze Survey and Interview Data,1.2.3,Use statistical tools and qualitative analysis to interpret the data gathered from surveys and interviews. Look for patterns and insights that will inform the empathy map's creation.,In: Data from surveys and interviews. Out: Analysis of external markets.,"Data analysis skills, Qualitative research expertise, Statistical software knowledge",New,Breaking down the Second Level (https://www.notion.so/Breaking-down-the-Second-Level-b8692b0374cc4675be30acaf05b39983?pvs=21),Conduct Research (https://www.notion.so/Conduct-Research-51b4f21823aa4589981996e5d56d7cb1?pvs=21),,
Compile Research Data,1.3.1,"Collect and compile all relevant data from various sources such as surveys, interviews, and online analytics tools. This data will be used to understand the target audience's behaviors and preferences for the new smartphone game.","Inbegrepen: verzameling van surveygegevens, interview notities, analytics rapporten. Uitgesloten: Diepgaande technische data-analyse.","Analytics tools toegang, Dataverzameling skills, Survey en interview resultaten",New,Breaking down the Second Level (https://www.notion.so/Breaking-down-the-Second-Level-b8692b0374cc4675be30acaf05b39983?pvs=21),Analyse Research Data (https://www.notion.so/Analyse-Research-Data-d308a32329044c1f9d19e945b720e91a?pvs=21),,"Analyseer de verzamelde gegevens om de behoeften, wensen, pijnpunten en gewoonten van de doelgroep te identificeren. (https://www.notion.so/Analyseer-de-verzamelde-gegevens-om-de-behoeften-wensen-pijnpunten-en-gewoonten-van-de-doelgroep-t-2557a0c74595440f8ed2101a66db20fa?pvs=21), Analyseer de verzamelde gegevens om de behoeften, wensen, pijnpunten en gewoonten van de doelgroep te identificeren. (https://www.notion.so/Analyseer-de-verzamelde-gegevens-om-de-behoeften-wensen-pijnpunten-en-gewoonten-van-de-doelgroep-t-964c1b16a3db4b34b33d6870e6d9ba62?pvs=21), Analyseer de verzamelde gegevens om de behoeften, wensen, pijnpunten en gewoonten van de doelgroep te identificeren. (https://www.notion.so/Analyseer-de-verzamelde-gegevens-om-de-behoeften-wensen-pijnpunten-en-gewoonten-van-de-doelgroep-t-8ede0b7278cb41599c7fee45b0574dfd?pvs=21)"
Identify Behavioral Patterns,1.3.2,"Analyze the compiled data to identify common behavioral patterns among the target audience. This includes gaming preferences, device usage, and content interaction that influences game design and marketing strategies.","Inclusief: Gedragspatronen herkennen, gebruikersvoorkeuren analyseren. Uitgesloten: Creëren van gebruikerspersona's.","Data-analyse vaardigheden, Kennis van gebruikersgedrag, Toegang tot data-analyse software",New,Breaking down the Second Level (https://www.notion.so/Breaking-down-the-Second-Level-b8692b0374cc4675be30acaf05b39983?pvs=21),Analyse Research Data (https://www.notion.so/Analyse-Research-Data-d308a32329044c1f9d19e945b720e91a?pvs=21),,
Extract Key Insights,1.3.3,"Based on the analysis, extract key insights regarding the target audience's needs, desires, pain points, and habits. These insights will directly inform the game's design features and marketing approach.","Inclusief: Identificatie van pijnpunten en behoeften, extraheren van inzichten uit data. Uitgesloten: Implementatie van ontwerpveranderingen.","Analytisch denken, Kennis van het doelmarktsegment, Vermogen om inzichten te synthetiseren",New,Breaking down the Second Level (https://www.notion.so/Breaking-down-the-Second-Level-b8692b0374cc4675be30acaf05b39983?pvs=21),Analyse Research Data (https://www.notion.so/Analyse-Research-Data-d308a32329044c1f9d19e945b720e91a?pvs=21),,